Index,Offset,HeaderID,Length,Type,Text
0,15,0061,7,StringEntry,"hepilog"
1,29,0063,7,StringEntry,"mepilog"
2,4B,006C,4,StringEntry,"Sc01"
3,57,006D,4,StringEntry,"Sc02"
4,63,006E,4,StringEntry,"Sc03"
5,6F,006F,5,StringEntry,"LEA58"
6,7C,0070,5,StringEntry,"LEA59"
7,89,0071,5,StringEntry,"LEA60"
8,96,0072,5,StringEntry,"LEA61"
9,AA,0074,4,StringEntry,"SB01"
10,B6,0075,4,StringEntry,"SB02"
11,C2,0076,4,StringEntry,"SB03"
12,CE,0077,4,StringEntry,"SB05"
13,DA,0078,4,StringEntry,"EB58"
14,E6,0079,4,StringEntry,"EB59"
15,F2,007A,4,StringEntry,"EB60"
16,FE,007B,4,StringEntry,"EB61"
17,111,007D,4,StringEntry,"Sa01"
18,11D,007E,4,StringEntry,"Sa02"
19,129,007F,4,StringEntry,"Sa03"
20,135,0080,4,StringEntry,"LP58"
21,141,0081,4,StringEntry,"LP59"
22,14D,0082,4,StringEntry,"LP60"
23,159,0083,4,StringEntry,"LP61"
24,178,0088,4,StringEntry,"Sc13"
25,184,0089,4,StringEntry,"Sc12"
26,190,008A,4,StringEntry,"Sc15"
27,19C,008B,4,StringEntry,"Sc16"
28,1A8,008C,5,StringEntry,"LEA66"
29,1B5,008D,5,StringEntry,"LEA67"
30,1C2,008E,5,StringEntry,"LEA68"
31,1CF,008F,5,StringEntry,"LEA69"
32,1DC,0090,5,StringEntry,"LEA70"
33,1F0,0092,4,StringEntry,"Sb13"
34,1FC,0093,4,StringEntry,"Sb12"
35,208,0094,4,StringEntry,"Sb15"
36,214,0095,4,StringEntry,"Sb16"
37,220,0096,4,StringEntry,"EB66"
38,22C,0097,4,StringEntry,"EB67"
39,238,0098,4,StringEntry,"EB68"
40,244,0099,4,StringEntry,"EB69"
41,250,009A,4,StringEntry,"EB70"
42,263,009C,4,StringEntry,"Sa13"
43,26F,009D,4,StringEntry,"Sa12"
44,27B,009E,4,StringEntry,"Sa15"
45,287,009F,4,StringEntry,"Sa16"
46,293,00A0,4,StringEntry,"LP66"
47,29F,00A1,4,StringEntry,"LP67"
48,2AB,00A2,4,StringEntry,"LP68"
49,2B7,00A3,4,StringEntry,"LP69"
50,2C3,00A4,4,StringEntry,"LP70"
51,2E2,00A9,4,StringEntry,"Sc30"
52,2EE,00AA,4,StringEntry,"Sc32"
53,2FA,00AB,5,StringEntry,"Sc32a"
54,307,00AC,5,StringEntry,"LEA80"
55,314,00AD,5,StringEntry,"LEA81"
56,321,00AE,5,StringEntry,"LEA82"
57,32E,00AF,5,StringEntry,"LEA83"
58,342,00B1,4,StringEntry,"Sb30"
59,34E,00B2,4,StringEntry,"Sb32"
60,35A,00B3,5,StringEntry,"Sb32a"
61,367,00B4,4,StringEntry,"EB80"
62,373,00B5,4,StringEntry,"EB81"
63,37F,00B6,4,StringEntry,"EB82"
64,38B,00B7,4,StringEntry,"EB83"
65,39E,00B9,4,StringEntry,"Sa30"
66,3AA,00BA,4,StringEntry,"Sa32"
67,3B6,00BB,5,StringEntry,"Sa32a"
68,3C3,00BC,4,StringEntry,"LP80"
69,3CF,00BD,4,StringEntry,"LP81"
70,3DB,00BE,4,StringEntry,"LP82"
71,3E7,00BF,4,StringEntry,"LP83"
72,406,00C4,4,StringEntry,"SC14"
73,412,00C5,4,StringEntry,"SC15"
74,41E,00C6,4,StringEntry,"SC17"
75,42A,00C7,5,StringEntry,"LEA67"
76,437,00C8,5,StringEntry,"LEA70"
77,444,00C9,5,StringEntry,"LEA71"
78,458,00CB,4,StringEntry,"SB14"
79,464,00CC,4,StringEntry,"SB15"
80,470,00CD,4,StringEntry,"SB17"
81,47C,00CE,4,StringEntry,"EB67"
82,488,00CF,4,StringEntry,"EB70"
83,494,00D0,4,StringEntry,"EB71"
84,4A7,00D2,4,StringEntry,"SA14"
85,4B3,00D3,4,StringEntry,"SA15"
86,4BF,00D4,4,StringEntry,"SA17"
87,4CB,00D5,4,StringEntry,"LP67"
88,4D7,00D6,4,StringEntry,"LP70"
89,4E3,00D7,4,StringEntry,"LP71"
90,502,00DC,4,StringEntry,"SC19"
91,50E,00DD,5,StringEntry,"LEA73"
92,522,00DF,4,StringEntry,"SB19"
93,52E,00E0,4,StringEntry,"EB73"
94,541,00E2,4,StringEntry,"SA19"
95,54D,00E3,4,StringEntry,"LP73"
96,56C,00E8,4,StringEntry,"SC20"
97,578,00E9,5,StringEntry,"LEA74"
98,58C,00EB,4,StringEntry,"SB20"
99,598,00EC,4,StringEntry,"EB74"
100,5AB,00EE,4,StringEntry,"SA20"
101,5B7,00EF,4,StringEntry,"LP74"
102,5D6,00F4,4,StringEntry,"SC33"
103,5E2,00F5,4,StringEntry,"SC34"
104,5EE,00F6,5,StringEntry,"LEA84"
105,5FB,00F7,5,StringEntry,"LEA85"
106,60F,00F9,4,StringEntry,"SB33"
107,61B,00FA,4,StringEntry,"SB34"
108,627,00FB,4,StringEntry,"EB84"
109,633,00FC,4,StringEntry,"EB85"
110,646,00FE,4,StringEntry,"SA33"
111,652,00FF,4,StringEntry,"SA34"
112,65E,0100,4,StringEntry,"LP84"
113,66A,0101,4,StringEntry,"LP85"
114,689,0106,4,StringEntry,"SC35"
115,695,0107,4,StringEntry,"SC36"
116,6A1,0108,5,StringEntry,"LEA86"
117,6AE,0109,5,StringEntry,"LEA87"
118,6C2,010B,4,StringEntry,"SB35"
119,6CE,010C,4,StringEntry,"SB36"
120,6DA,010D,4,StringEntry,"SB38"
121,6E6,010E,4,StringEntry,"EB86"
122,6F2,010F,4,StringEntry,"EB87"
123,6FE,0110,4,StringEntry,"EB88"
124,711,0112,4,StringEntry,"SA35"
125,71D,0113,4,StringEntry,"SA36"
126,729,0114,4,StringEntry,"LP86"
127,735,0115,4,StringEntry,"LP87"
128,754,011A,4,StringEntry,"SC42"
129,760,011B,5,StringEntry,"LEA92"
130,774,011D,4,StringEntry,"SB42"
131,780,011E,4,StringEntry,"EB92"
132,793,0120,4,StringEntry,"SA42"
133,79F,0121,4,StringEntry,"LP92"
134,7BE,0126,4,StringEntry,"SC46"
135,7CA,0127,4,StringEntry,"SC47"
136,7D6,0128,5,StringEntry,"ALLOO"
137,7EA,012A,4,StringEntry,"SB46"
138,7F6,012B,4,StringEntry,"SB47"
139,802,012C,5,StringEntry,"ALLOO"
140,816,012E,4,StringEntry,"SA46"
141,822,012F,4,StringEntry,"SA47"
142,82E,0130,5,StringEntry,"ALLOO"
143,84E,0135,4,StringEntry,"None"
144,85A,0136,4,StringEntry,"None"
145,86D,0138,4,StringEntry,"None"
146,879,0139,4,StringEntry,"None"
147,88C,013B,4,StringEntry,"None"
148,898,013C,4,StringEntry,"None"
149,8B7,0141,4,StringEntry,"None"
150,8C3,0142,4,StringEntry,"None"
151,8D6,0144,4,StringEntry,"None"
152,8E2,0145,4,StringEntry,"None"
153,8F5,0147,4,StringEntry,"None"
154,901,0148,4,StringEntry,"None"
155,920,014D,4,StringEntry,"SC25"
156,92C,014E,5,StringEntry,"LEA79"
157,940,0150,4,StringEntry,"SB25"
158,94C,0151,4,StringEntry,"EB79"
159,95F,0153,4,StringEntry,"SA25"
160,96B,0154,4,StringEntry,"LP79"
161,98A,0159,4,StringEntry,"None"
162,996,015A,4,StringEntry,"None"
163,9A9,015C,4,StringEntry,"None"
164,9B5,015D,4,StringEntry,"None"
165,9C8,015F,4,StringEntry,"None"
166,9D4,0160,4,StringEntry,"None"
167,9EE,0164,4,StringEntry,"None"
168,9FA,0165,4,StringEntry,"None"
169,A0D,0167,4,StringEntry,"None"
170,A19,0168,4,StringEntry,"None"
171,A2C,016A,4,StringEntry,"None"
172,A38,016B,4,StringEntry,"None"
173,A57,0170,4,StringEntry,"None"
174,A63,0171,4,StringEntry,"None"
175,A76,0173,4,StringEntry,"None"
176,A82,0174,4,StringEntry,"None"
177,A95,0176,4,StringEntry,"None"
178,AA1,0177,4,StringEntry,"None"
179,AC0,017C,4,StringEntry,"None"
180,ACC,017D,4,StringEntry,"None"
181,ADF,017F,4,StringEntry,"None"
182,AEB,0180,4,StringEntry,"None"
183,AFE,0182,4,StringEntry,"None"
184,B0A,0183,4,StringEntry,"None"
185,B29,0188,4,StringEntry,"None"
186,B35,0189,4,StringEntry,"None"
187,B48,018B,4,StringEntry,"None"
188,B54,018C,4,StringEntry,"None"
189,B67,018E,4,StringEntry,"None"
190,B73,018F,4,StringEntry,"None"
191,B92,0194,4,StringEntry,"None"
192,B9E,0195,4,StringEntry,"None"
193,BB1,0197,4,StringEntry,"None"
194,BBD,0198,4,StringEntry,"None"
195,BD0,019A,4,StringEntry,"None"
196,BDC,019B,4,StringEntry,"None"
197,BFB,01A0,4,StringEntry,"None"
198,C07,01A1,4,StringEntry,"None"
199,C1A,01A3,4,StringEntry,"None"
200,C26,01A4,4,StringEntry,"None"
201,C39,01A6,4,StringEntry,"None"
202,C45,01A7,4,StringEntry,"None"
203,C64,01AC,4,StringEntry,"None"
204,C70,01AD,4,StringEntry,"None"
205,C83,01AF,4,StringEntry,"None"
206,C8F,01B0,4,StringEntry,"None"
207,CA2,01B2,4,StringEntry,"None"
208,CAE,01B3,4,StringEntry,"None"
209,CC8,01B7,4,StringEntry,"None"
210,CD4,01B8,4,StringEntry,"None"
211,CE7,01BA,4,StringEntry,"None"
212,CF3,01BB,4,StringEntry,"None"
213,D06,01BD,4,StringEntry,"None"
214,D12,01BE,4,StringEntry,"None"
215,D2A,01C2,3,StringEntry,"G09"
216,D35,01C3,3,StringEntry,"G12"
217,D40,01C4,3,StringEntry,"G14"
218,D4B,01C5,3,StringEntry,"G15"
219,D56,01C6,5,StringEntry,"LMG12"
220,D63,01C7,5,StringEntry,"LMG13"
221,D70,01C8,5,StringEntry,"LMG14"
222,D7D,01C9,5,StringEntry,"LMG15"
223,D8A,01CA,5,StringEntry,"LMG16"
224,DA3,01CE,3,StringEntry,"G22"
225,DAE,01CF,3,StringEntry,"G23"
226,DB9,01D0,5,StringEntry,"LMG18"
227,DC6,01D1,5,StringEntry,"LMG19"
228,DDF,01D5,3,StringEntry,"G29"
229,DEA,01D6,3,StringEntry,"G31"
230,DF5,01D7,5,StringEntry,"LMG25"
231,E02,01D8,5,StringEntry,"LMG26"
232,E0F,01D9,5,StringEntry,"LMG28"
233,E28,01DD,3,StringEntry,"G40"
234,E33,01DE,4,StringEntry,"G42A"
235,E4B,01E2,3,StringEntry,"G41"
236,E56,01E3,4,StringEntry,"G43A"
237,E6E,01E7,3,StringEntry,"G39"
238,E79,01E8,4,StringEntry,"G44A"
239,E91,01EC,5,StringEntry,"LMG33"
240,E9E,01ED,5,StringEntry,"LMG36"
241,EB7,01F1,5,StringEntry,"LMG35"
242,EC4,01F2,5,StringEntry,"LMG38"
243,EDD,01F6,5,StringEntry,"LMG34"
244,EEA,01F7,5,StringEntry,"LMG37"
245,F03,01FB,3,StringEntry,"G45"
246,F0E,01FC,3,StringEntry,"G48"
247,F25,0200,3,StringEntry,"G46"
248,F30,0201,3,StringEntry,"G49"
249,F47,0205,3,StringEntry,"G47"
250,F52,0206,3,StringEntry,"G50"
251,F69,020A,5,StringEntry,"LMG39"
252,F76,020B,5,StringEntry,"LMG42"
253,F8F,020F,5,StringEntry,"LMG41"
254,F9C,0210,5,StringEntry,"LMG44"
255,FB5,0214,5,StringEntry,"LMG40"
256,FC2,0215,5,StringEntry,"LMG43"
257,FDB,0219,4,StringEntry,"None"
258,FE7,021A,4,StringEntry,"None"
259,FFF,021E,4,StringEntry,"G51A"
260,100B,021F,3,StringEntry,"G51"
261,1016,0220,5,StringEntry,"LMG46"
262,102F,0224,3,StringEntry,"G53"
263,103A,0225,3,StringEntry,"G54"
264,1045,0226,5,StringEntry,"LMG47"
265,1052,0227,5,StringEntry,"LMG48"
266,106B,022B,3,StringEntry,"G58"
267,1076,022C,5,StringEntry,"LMG52"
268,108F,0230,3,StringEntry,"G60"
269,109A,0231,3,StringEntry,"G62"
270,10A5,0232,5,StringEntry,"LMG53"
271,10B2,0233,5,StringEntry,"LMG54"
272,10CB,0237,3,StringEntry,"G63"
273,10D6,0238,3,StringEntry,"G64"
274,10E1,0239,5,StringEntry,"LMG55"
275,10EE,023A,5,StringEntry,"LMG56"
276,1107,023E,3,StringEntry,"G65"
277,1112,023F,3,StringEntry,"G66"
278,111D,0240,5,StringEntry,"LMG57"
279,112A,0241,5,StringEntry,"LMG58"
280,1143,0245,3,StringEntry,"G67"
281,114E,0246,3,StringEntry,"G68"
282,1159,0247,6,StringEntry,"LMG59a"
283,1167,0248,6,StringEntry,"LMG60a"
284,1181,024C,3,StringEntry,"G69"
285,118C,024D,6,StringEntry,"LMG61a"
286,11A6,0251,4,StringEntry,"None"
287,11B2,0252,4,StringEntry,"None"
288,11CA,0256,4,StringEntry,"None"
289,11D6,0257,4,StringEntry,"None"
290,11EE,025B,3,StringEntry,"G79"
291,11F9,025C,4,StringEntry,"G80A"
292,1205,025D,5,StringEntry,"LMG71"
293,1212,025E,5,StringEntry,"LMG72"
294,122B,0262,3,StringEntry,"G75"
295,1236,0263,3,StringEntry,"G76"
296,1241,0264,5,StringEntry,"LMG67"
297,124E,0265,5,StringEntry,"LMG68"
298,1267,0269,3,StringEntry,"G78"
299,1272,026A,5,StringEntry,"LMG70"
300,128B,026F,4,StringEntry,"SA44"
301,1297,0270,4,StringEntry,"SB44"
302,12A3,0271,4,StringEntry,"SC44"
303,12AF,0272,4,StringEntry,"ULLA"
304,12C7,0276,3,StringEntry,"G82"
305,12D2,0277,5,StringEntry,"LMG74"
306,12EB,027B,3,StringEntry,"G84"
307,12F6,027C,5,StringEntry,"LMG76"
308,130F,0280,3,StringEntry,"G85"
309,131A,0281,5,StringEntry,"LMG77"
310,1333,0285,4,StringEntry,"G83A"
311,133F,0286,6,StringEntry,"LMG75A"
312,1359,028A,3,StringEntry,"G81"
313,1364,028B,5,StringEntry,"LMG73"
314,137D,028F,4,StringEntry,"None"
315,1389,0290,4,StringEntry,"None"
316,13A1,0294,4,StringEntry,"None"
317,13AD,0295,4,StringEntry,"None"
318,13C5,0299,4,StringEntry,"None"
319,13D1,029A,4,StringEntry,"None"
320,13E9,029E,4,StringEntry,"None"
321,13F5,029F,4,StringEntry,"None"
322,140D,02A3,4,StringEntry,"None"
323,1419,02A4,4,StringEntry,"None"
324,1431,02A8,4,StringEntry,"None"
325,143D,02A9,4,StringEntry,"None"
326,1455,02AD,3,StringEntry,"G33"
327,1460,02AE,3,StringEntry,"G35"
328,146B,02AF,5,StringEntry,"LMG29"
329,1484,02B3,3,StringEntry,"G86"
330,148F,02B4,6,StringEntry,"LMG111"
331,149D,02B5,6,StringEntry,"LMG112"
332,14B7,02B9,4,StringEntry,"G87A"
333,14C3,02BA,6,StringEntry,"LMG113"
334,14DD,02BE,3,StringEntry,"G89"
335,14F4,02C2,3,StringEntry,"G90"
336,150B,02C6,3,StringEntry,"G91"
337,1522,02CA,3,StringEntry,"G92"
338,1539,02CE,3,StringEntry,"G93"
339,1550,02D2,3,StringEntry,"G94"
340,1567,02D6,3,StringEntry,"G95"
341,157E,02DA,3,StringEntry,"G96"
342,1595,02DE,3,StringEntry,"G97"
343,15AC,02E2,3,StringEntry,"G98"
344,15C3,02E6,3,StringEntry,"G99"
345,15DA,02EA,4,StringEntry,"G100"
346,15F2,02EE,4,StringEntry,"G101"
347,160A,02F2,4,StringEntry,"G102"
348,1622,02F6,4,StringEntry,"G103"
349,163A,02FA,4,StringEntry,"G104"
350,1652,02FE,4,StringEntry,"G105"
351,166A,0302,4,StringEntry,"G106"
352,1682,0306,4,StringEntry,"G107"
353,169A,030A,4,StringEntry,"G108"
354,16B2,030E,4,StringEntry,"G109"
355,16CA,0312,4,StringEntry,"G110"
356,16E2,0316,4,StringEntry,"G111"
357,16FA,031A,4,StringEntry,"G112"
358,1712,031E,4,StringEntry,"G113"
359,172A,0322,5,StringEntry,"LMG99"
360,1743,0326,4,StringEntry,"G114"
361,175B,032A,4,StringEntry,"G120"
362,1773,032E,4,StringEntry,"G121"
363,178B,0332,4,StringEntry,"G122"
364,17A3,0336,4,StringEntry,"G115"
365,17BB,033A,4,StringEntry,"G116"
366,17D3,033E,4,StringEntry,"G117"
367,17EB,0342,4,StringEntry,"G118"
368,1803,0346,4,StringEntry,"G119"
369,181B,034A,6,StringEntry,"LMG78a"
370,1835,034E,5,StringEntry,"LMG79"
371,184E,0352,5,StringEntry,"LMG80"
372,1867,0356,5,StringEntry,"LMG81"
373,1880,035A,6,StringEntry,"LMG110"
374,189A,035E,5,StringEntry,"LMG82"
375,18B3,0362,6,StringEntry,"LMG83b"
376,18CD,0366,5,StringEntry,"LMG84"
377,18E6,036A,5,StringEntry,"LMG85"
378,18FF,036E,5,StringEntry,"LMG86"
379,1918,0372,5,StringEntry,"LMG87"
380,1931,0376,5,StringEntry,"LMG88"
381,194A,037A,5,StringEntry,"LMG89"
382,1963,037E,5,StringEntry,"LMG90"
383,197C,0382,5,StringEntry,"LMG91"
384,1995,0386,5,StringEntry,"LMG92"
385,19AE,038A,5,StringEntry,"LMG93"
386,19C7,038E,6,StringEntry,"LMG94a"
387,19E1,0392,5,StringEntry,"LMG95"
388,19FA,0396,6,StringEntry,"LMG106"
389,1A14,039A,5,StringEntry,"LMG96"
390,1A2D,039E,5,StringEntry,"LMG97"
391,1A46,03A2,5,StringEntry,"LMG98"
392,1A5F,03A6,6,StringEntry,"LMG100"
393,1A79,03AA,6,StringEntry,"LMG107"
394,1A93,03AE,6,StringEntry,"LMG108"
395,1AAD,03B2,6,StringEntry,"LMG109"
396,1AC7,03B6,6,StringEntry,"LMG101"
397,1AE1,03BA,6,StringEntry,"LMG102"
398,1AFB,03BE,6,StringEntry,"LMG103"
399,1B15,03C2,7,StringEntry,"LMG104a"
400,1B30,03C6,7,StringEntry,"LMG105a"
401,1B4D,03CF,6,StringEntry,"title4"
402,1B6C,03D4,7,StringEntry,"CANCEL2"
403,1B87,03D8,6,StringEntry,"switch"
404,1BA1,03DD,6,StringEntry,"switch"
405,1BBB,03E1,7,StringEntry,"MCLICK2"
406,1BD6,03E5,7,StringEntry,"CANCEL3"
407,1BF1,03E9,6,StringEntry,"switch"
408,1C0B,03ED,7,StringEntry,"cancel3"
409,1C26,03F1,6,StringEntry,"option"
410,1C45,03F6,8,StringEntry,"hbriefng"
411,1C55,03F7,8,StringEntry,"mbriefng"
412,1C76,03FC,8,StringEntry,"hvictory"
413,1C86,03FD,8,StringEntry,"mvictory"
414,1CAC,0403,7,StringEntry,"hdefeat"
415,1CBB,0404,7,StringEntry,"mdefeat"
416,1CE0,040A,4,StringEntry,"none"
417,1CF3,040D,6,StringEntry,"foldr1"
418,1D01,040E,6,StringEntry,"foldr2"
419,1D0F,040F,6,StringEntry,"foldr3"
420,1D1D,0410,8,StringEntry,"windowlg"
421,1D39,0414,6,StringEntry,"foldr1"
422,1D47,0415,6,StringEntry,"foldr2"
423,1D55,0416,6,StringEntry,"foldr3"
424,1D63,0417,8,StringEntry,"windowlg"
425,1D7F,041B,5,StringEntry,"page2"
426,1D8C,041C,8,StringEntry,"windowsm"
427,1DA8,0420,5,StringEntry,"fcab1"
428,1DB5,0421,4,StringEntry,"none"
429,1DCD,0425,5,StringEntry,"fcab2"
430,1DDA,0426,4,StringEntry,"none"
431,1DF2,042A,4,StringEntry,"BLIP"
432,1E0A,042E,8,StringEntry,"martbut1"
433,1E26,0432,8,StringEntry,"martbut3"
434,1E52,043E,8,StringEntry,"xbigdis1"
435,1E69,0441,8,StringEntry,"xbigdis2"
436,1E80,0444,8,StringEntry,"xbigdis3"
437,1E97,0447,8,StringEntry,"xmeddis1"
438,1EAE,044A,8,StringEntry,"xmeddis2"
439,1EC5,044D,8,StringEntry,"xmeddis3"
440,1EDC,0450,8,StringEntry,"xsmldis1"
441,1EF3,0453,8,StringEntry,"xsmldis2"
442,1F0A,0456,8,StringEntry,"xsmldis3"
443,1F21,0459,7,StringEntry,"xtradis"
444,1F37,045C,5,StringEntry,"Xsea1"
445,1F4B,045F,5,StringEntry,"Xsea2"
446,1F5F,0462,5,StringEntry,"Xair1"
447,1F73,0465,5,StringEntry,"Xair2"
448,1F87,046A,7,StringEntry,"xplod1v"
449,1F9D,046D,7,StringEntry,"xplodv2"
450,1FB3,0470,7,StringEntry,"xplod3v"
451,1FC9,0473,7,StringEntry,"xplod4v"
452,1FDF,0476,7,StringEntry,"debris1"
453,1FF5,0479,7,StringEntry,"debris4"
454,200B,047D,8,StringEntry,"ExExtra1"
455,2022,0481,7,StringEntry,"debris4"
456,2038,0484,8,StringEntry,"blackdst"
457,204F,0487,8,StringEntry,"blackds1"
458,206D,0492,6,StringEntry,"pompom"
459,2082,0495,6,StringEntry,"pompom"
460,2097,0498,4,StringEntry,"CAN1"
461,20AA,049B,4,StringEntry,"CAN2"
462,20BD,049E,8,StringEntry,"CAN6_N01"
463,20D4,04A1,8,StringEntry,"CAN7_N01"
464,20EB,04A4,8,StringEntry,"CAN8_N01"
465,2102,04A7,8,StringEntry,"CAN9_N01"
466,2119,04AA,7,StringEntry,"CANNON1"
467,212F,04AD,7,StringEntry,"CANNON2"
468,2145,04B0,7,StringEntry,"CANNON3"
469,215B,04B4,6,StringEntry,"CarGun"
470,2170,04B7,8,StringEntry,"CAN3POM1"
471,2187,04BA,8,StringEntry,"CAN20MMB"
472,219E,04C0,8,StringEntry,"CAN20MMB"
473,21B5,04C3,8,StringEntry,"CAN20MMB"
474,21CC,04C6,8,StringEntry,"CAN20MMB"
475,21E3,04C9,7,StringEntry,"squirt1"
476,21F9,04CC,7,StringEntry,"squirt2"
477,220F,04CF,7,StringEntry,"squirt3"
478,2225,04D2,8,StringEntry,"telemind"
479,223C,04D5,8,StringEntry,"teleminf"
480,2253,04D8,8,StringEntry,"teleminf"
481,226A,04DB,7,StringEntry,"mortar1"
482,2280,04DE,7,StringEntry,"mortar2"
483,2296,04E1,7,StringEntry,"mortar3"
484,22B3,04E7,6,StringEntry,"Hray01"
485,22C8,04EA,6,StringEntry,"Hray02"
486,22DD,04ED,6,StringEntry,"Hray03"
487,22F2,04F0,6,StringEntry,"Hray04"
488,2307,04F3,6,StringEntry,"Hray05"
489,231C,04F6,6,StringEntry,"Hray06"
490,2338,04FC,6,StringEntry,"DNOCAN"
491,234D,04FF,6,StringEntry,"DNOCAN"
492,2362,0502,6,StringEntry,"DNOCAN"
493,2377,0505,6,StringEntry,"DNOCAN"
494,238C,050A,7,StringEntry,"ARCWEPA"
495,23A2,050D,7,StringEntry,"ARCWEPA"
496,23B8,0510,7,StringEntry,"ARCWEPA"
497,23CE,0514,8,StringEntry,"telescar"
498,23E5,0517,8,StringEntry,"telefrez"
499,23FC,051A,8,StringEntry,"teleminf"
500,2413,051D,8,StringEntry,"telemind"
501,242A,0520,6,StringEntry,"digdug"
502,243F,0523,8,StringEntry,"subdive1"
503,2456,0526,7,StringEntry,"ARCWEPA"
504,246C,0529,7,StringEntry,"shockbm"
505,2482,052C,7,StringEntry,"ARCWEPA"
506,2498,052F,7,StringEntry,"ARCWEPA"
507,24AE,0532,7,StringEntry,"ARCWEPA"
508,24C4,0535,6,StringEntry,"splash"
509,24E7,0544,6,StringEntry,"sloclk"
510,24F5,0545,7,StringEntry,"mclkstp"
511,250B,0549,6,StringEntry,"sloclk"
512,2519,054A,6,StringEntry,"mclk01"
513,2533,054E,7,StringEntry,"sloclk2"
514,2542,054F,6,StringEntry,"mclk02"
515,255C,0553,7,StringEntry,"sloclk3"
516,256B,0554,6,StringEntry,"mclk03"
517,2585,0558,7,StringEntry,"sloclk4"
518,2594,0559,6,StringEntry,"mclk04"
519,25AE,055D,7,StringEntry,"sloclk5"
520,25BD,055E,6,StringEntry,"mclk05"
521,25D7,0562,7,StringEntry,"sloclk6"
522,25E6,0563,6,StringEntry,"mclk06"
523,2600,0567,7,StringEntry,"sloclk7"
524,260F,0568,6,StringEntry,"mclk07"
525,2629,056C,7,StringEntry,"sloclk8"
526,2638,056D,6,StringEntry,"mclk08"
527,2652,0571,7,StringEntry,"sloclk9"
528,2661,0572,6,StringEntry,"mclk09"
529,267B,0576,8,StringEntry,"sloclk10"
530,268B,0577,6,StringEntry,"mclk10"
531,26AC,0581,7,StringEntry,"TRKLOTS"
532,26D0,0586,7,StringEntry,"TRKLOTS"
533,26F4,058B,7,StringEntry,"TRKLOTS"
534,2718,0590,7,StringEntry,"trActlp"
535,273C,0595,7,StringEntry,"tractlp"
536,2760,059A,7,StringEntry,"TRACTLP"
537,2784,059F,8,StringEntry,"TRACTOR3"
538,27A9,05A4,8,StringEntry,"TRACTOR3"
539,27CE,05A9,8,StringEntry,"TRACTOR3"
540,27F3,05AE,8,StringEntry,"TRACTOR1"
541,2818,05B3,8,StringEntry,"TRACTOR1"
542,283D,05B8,8,StringEntry,"TRACTOR1"
543,2862,05BD,7,StringEntry,"trak3lp"
544,2886,05C2,8,StringEntry,"trakvlp1"
545,28AB,05C7,8,StringEntry,"trakvlp1"
546,28D0,05CC,8,StringEntry,"trakvlp1"
547,28F5,05D1,4,StringEntry,"ENG1"
548,2916,05D6,4,StringEntry,"ENG1"
549,2937,05DB,7,StringEntry,"boatlrg"
550,295B,05E0,7,StringEntry,"boatlrg"
551,297F,05E5,7,StringEntry,"boatlrg"
552,29A3,05EA,5,StringEntry,"sublp"
553,29C5,05EF,5,StringEntry,"sublp"
554,29E7,05F4,5,StringEntry,"sublp"
555,2A09,05F9,8,StringEntry,"balloo01"
556,2A25,05FD,8,StringEntry,"Balloo02"
557,2A41,0601,8,StringEntry,"balloo02"
558,2A5D,0605,6,StringEntry,"CONST1"
559,2A77,0609,6,StringEntry,"CONST2"
560,2A91,060D,4,StringEntry,"ENG1"
561,2AB2,0612,4,StringEntry,"ENG1"
562,2AD3,0617,6,StringEntry,"230sl4"
563,2AF6,061C,6,StringEntry,"230sl3"
564,2B19,0621,6,StringEntry,"230sl3"
565,2B3C,0627,6,StringEntry,"WALKFT"
566,2B5F,062C,6,StringEntry,"WALKFT"
567,2B82,0631,6,StringEntry,"WALKFT"
568,2BA5,0636,5,StringEntry,"walk2"
569,2BC7,063B,5,StringEntry,"walk2"
570,2BE9,0640,5,StringEntry,"walk2"
571,2C0B,0645,5,StringEntry,"walk1"
572,2C2D,064A,5,StringEntry,"walk1"
573,2C4F,064F,5,StringEntry,"walk1"
574,2C71,0654,7,StringEntry,"BOMBARD"
575,2C95,0659,8,StringEntry,"BOMBARD2"
576,2CBA,065E,8,StringEntry,"BOMBARD3"
577,2CDF,0663,7,StringEntry,"walker3"
578,2D03,0668,7,StringEntry,"walker3"
579,2D27,066D,7,StringEntry,"walker3"
580,2D4B,0672,8,StringEntry,"MARSLOOP"
581,2D70,0677,8,StringEntry,"MARSLOOP"
582,2D95,067C,8,StringEntry,"MARSLOOP"
583,2DBA,0681,7,StringEntry,"walker4"
584,2DDE,0686,7,StringEntry,"walker4"
585,2E02,068B,7,StringEntry,"walker4"
586,2E26,0690,8,StringEntry,"CONSTRIC"
587,2E4B,0695,8,StringEntry,"CONSTRIC"
588,2E70,069A,8,StringEntry,"CONSTRIC"
589,2E95,069F,5,StringEntry,"XENO1"
590,2EB7,06A4,5,StringEntry,"XENO1"
591,2ED9,06A9,5,StringEntry,"XENO1"
592,2EFB,06AE,7,StringEntry,"WALKFT1"
593,2F1F,06B3,7,StringEntry,"WALKFT1"
594,2F43,06B8,6,StringEntry,"DIGGER"
595,2F66,06BD,6,StringEntry,"DIGGER"
596,2F89,06C2,8,StringEntry,"marmchum"
597,2FAE,06C7,8,StringEntry,"marmchum"
598,2FD3,06CC,8,StringEntry,"marmchum"
599,2FF8,06D7,8,StringEntry,"TRUCKt01"
600,301D,06DC,8,StringEntry,"truckt01"
601,3042,06E1,8,StringEntry,"TRUCKt04"
602,3067,06E6,6,StringEntry,"trAck4"
603,308A,06EB,6,StringEntry,"trAck4"
604,30AD,06F0,6,StringEntry,"trAck4"
605,30D0,06F5,7,StringEntry,"trAk3lp"
606,30F4,06FA,7,StringEntry,"trAk3lp"
607,3118,06FF,7,StringEntry,"trAk3lp"
608,313C,0704,7,StringEntry,"TRUCKLP"
609,3160,0709,7,StringEntry,"TRUCKLP"
610,3184,070E,7,StringEntry,"TRUCKLP"
611,31A8,0713,7,StringEntry,"TRUCKLP"
612,31CC,0718,7,StringEntry,"TRUCKLP"
613,31F0,071D,7,StringEntry,"TRUCKLP"
614,3214,0722,7,StringEntry,"TRUCKLP"
615,3238,0727,7,StringEntry,"TRUCKLP"
616,3253,072B,7,StringEntry,"TRUCKLP"
617,326E,072F,7,StringEntry,"boatbig"
618,3292,0734,7,StringEntry,"boatbig"
619,32B6,0739,7,StringEntry,"boatbig"
620,32DA,073E,5,StringEntry,"sublp"
621,32FC,0743,5,StringEntry,"sublp"
622,331E,0748,5,StringEntry,"sublp"
623,3340,074D,8,StringEntry,"balloo00"
624,335C,0751,8,StringEntry,"balloo00"
625,3378,0755,8,StringEntry,"balloo00"
626,3394,0759,7,StringEntry,"trAk3lp"
627,33AF,075D,7,StringEntry,"trAk3lp"
628,33CA,0761,6,StringEntry,"camar2"
629,33E4,0765,6,StringEntry,"camar2"
630,33FE,0769,8,StringEntry,"bikeidle"
631,3423,076E,8,StringEntry,"bikeidle"
632,3448,0773,8,StringEntry,"bikeidle"
633,346D,0779,7,StringEntry,"midle01"
634,3491,077E,7,StringEntry,"midle01"
635,34B5,0783,7,StringEntry,"midle01"
636,34D9,0788,7,StringEntry,"midle02"
637,34FD,078D,7,StringEntry,"midle02"
638,3521,0792,7,StringEntry,"midle02"
639,3545,0797,7,StringEntry,"midle03"
640,3569,079C,7,StringEntry,"midle03"
641,358D,07A1,7,StringEntry,"midle03"
642,35B1,07A6,7,StringEntry,"midle04"
643,35D5,07AB,7,StringEntry,"midle04"
644,35F9,07B0,7,StringEntry,"midle04"
645,361D,07B5,7,StringEntry,"midle05"
646,3641,07BA,7,StringEntry,"midle05"
647,3665,07BF,7,StringEntry,"midle05"
648,3689,07C4,6,StringEntry,"Marfly"
649,36AC,07C9,6,StringEntry,"Marfly"
650,36CF,07CE,6,StringEntry,"Marfly"
651,36F2,07D3,7,StringEntry,"midle06"
652,3716,07D8,7,StringEntry,"midle06"
653,373A,07DD,7,StringEntry,"midle06"
654,375E,07E2,7,StringEntry,"midle07"
655,3782,07E7,7,StringEntry,"midle07"
656,37A6,07EC,7,StringEntry,"midle07"
657,37CA,07F1,7,StringEntry,"midle08"
658,37EE,07F6,7,StringEntry,"midle08"
659,3812,07FB,7,StringEntry,"midle08"
660,3836,0800,7,StringEntry,"midle09"
661,385A,0805,7,StringEntry,"midle09"
662,387E,080A,7,StringEntry,"midle10"
663,38A2,080F,7,StringEntry,"midle10"
664,38C6,0814,7,StringEntry,"midle11"
665,38EA,0819,7,StringEntry,"midle11"
666,390E,081E,7,StringEntry,"midle11"
667,3932,082A,8,StringEntry,"bldconst"
668,394E,082E,8,StringEntry,"bldconst"
669,396A,0832,8,StringEntry,"bldconst"
670,398D,0838,8,StringEntry,"BLDMUNIT"
671,39A9,083C,8,StringEntry,"Bldmunit"
672,39C5,0840,8,StringEntry,"bldweppl"
673,39E1,0844,7,StringEntry,"AMBFACT"
674,39FC,0848,6,StringEntry,"shipyd"
675,3A16,084C,7,StringEntry,"shipyd1"
676,3A31,0850,7,StringEntry,"shipyd2"
677,3A4C,0854,6,StringEntry,"hanger"
678,3A66,0858,7,StringEntry,"hanger1"
679,3A81,085C,7,StringEntry,"hanger2"
680,3A9C,0860,8,StringEntry,"bldmunit"
681,3AB8,0864,5,StringEntry,"bld01"
682,3AD1,0868,8,StringEntry,"bldmunit"
683,3AED,086C,7,StringEntry,"AMBFACT"
684,3B08,0870,8,StringEntry,"watetubp"
685,3B24,0876,6,StringEntry,"Crank1"
686,3B3E,087A,6,StringEntry,"Crank1"
687,3B58,087E,6,StringEntry,"Crank1"
688,3B72,0882,6,StringEntry,"Crank1"
689,3B8C,0886,6,StringEntry,"Crank1"
690,3BA6,088A,6,StringEntry,"Crank1"
691,3BC0,088E,6,StringEntry,"Crank1"
692,3BDA,0892,6,StringEntry,"Crank1"
693,3BF4,0897,8,StringEntry,"bldcomnd"
694,3C10,089B,4,StringEntry,"none"
695,3C28,089F,7,StringEntry,"AMBFACT"
696,3C43,08A3,8,StringEntry,"bldweppl"
697,3C5F,08A7,8,StringEntry,"bldsusf1"
698,3C7B,08AB,8,StringEntry,"bldsusf2"
699,3C97,08AF,8,StringEntry,"bldsusf3"
700,3CB3,08B3,7,StringEntry,"bldtele"
701,3CCE,08B7,8,StringEntry,"bldtele2"
702,3CEA,08BB,8,StringEntry,"bldtele3"
703,3D06,08BF,8,StringEntry,"bldbiopl"
704,3D22,08C3,8,StringEntry,"bldexppl"
705,3D3E,08C7,8,StringEntry,"bldhumfm"
706,3D5A,08CB,8,StringEntry,"bldhevel"
707,3D76,08CF,8,StringEntry,"bldcopfg"
708,3D92,08D5,8,StringEntry,"walker2a"
709,3DAE,08D9,8,StringEntry,"walker2a"
710,3DCA,08DD,7,StringEntry,"walker3"
711,3DE0,08E0,7,StringEntry,"walker3"
712,3DF6,08E3,7,StringEntry,"walker3"
713,3E0C,08E6,8,StringEntry,"walker2a"
714,3E23,08E9,8,StringEntry,"walker2a"
715,3E3A,08EC,8,StringEntry,"walker2a"
716,3E51,08EF,8,StringEntry,"Machine2"
717,3E6D,08F3,5,StringEntry,"bld04"
718,3E86,08F7,7,StringEntry,"genamb3"
719,3EA1,08FB,4,StringEntry,"none"
720,3EB9,08FF,8,StringEntry,"elecfen1"
721,3ED5,0903,8,StringEntry,"lasafen1"
722,3EF1,0907,8,StringEntry,"plasfen1"
723,3F14,0911,4,StringEntry,"cac1"
724,3F20,0912,4,StringEntry,"cac2"
725,3F2C,0913,4,StringEntry,"cac3"
726,3F38,0914,7,StringEntry,"waroom1"
727,3F47,0915,7,StringEntry,"waroom2"
728,3F6C,091B,4,StringEntry,"cac2"
729,3F78,091C,4,StringEntry,"cac3"
730,3F84,091D,4,StringEntry,"cac1"
731,3F90,091E,7,StringEntry,"waroom5"
732,3F9F,091F,7,StringEntry,"waroom2"
733,3FAE,0920,7,StringEntry,"waroom4"
734,3FD3,0926,4,StringEntry,"cac3"
735,3FDF,0927,4,StringEntry,"cac2"
736,3FEB,0928,4,StringEntry,"cac1"
737,3FF7,0929,7,StringEntry,"waroom3"
738,4006,092A,7,StringEntry,"waroom5"
739,4015,092B,7,StringEntry,"waroom2"
740,4024,092C,7,StringEntry,"waroom4"
741,4049,0932,8,StringEntry,"seasho01"
742,406E,0937,8,StringEntry,"seasho02"
743,4093,093C,7,StringEntry,"FREST2P"
744,40B7,0941,5,StringEntry,"htstr"
745,40D9,0946,7,StringEntry,"Arcmach"
746,40FD,094B,8,StringEntry,"factamb1"
747,4122,0950,7,StringEntry,"ambfact"
748,4146,0955,6,StringEntry,"htweak"
749,4172,095B,4,StringEntry,"crow"
750,4185,095E,7,StringEntry,"redweed"
751,41A9,0963,6,StringEntry,"wbrook"
752,41CC,0968,6,StringEntry,"wriver"
753,41DA,0969,8,StringEntry,"wriver01"
754,41FF,09BC,4,StringEntry,"none"
